INSERT INTO teams (team_id, team_name, city) VALUES
(1, 'Chennai Super Kings', 'Chennai'),
(2, 'Mumbai Indians', 'Mumbai'),
(3, 'Royal Challengers Bangalore', 'Bangalore'),
(4, 'Kolkata Knight Riders', 'Kolkata');

INSERT INTO players (player_id, player_name, role, team_id, nationality) VALUES
(1, 'MS Dhoni', 'Wicket-Keeper', 1, 'India'),
(2, 'Rohit Sharma', 'Batsman', 2, 'India'),
(3, 'Virat Kohli', 'Batsman', 3, 'India'),
(4, 'Andre Russell', 'All-Rounder', 4, 'West Indies'),
(5, 'Jasprit Bumrah', 'Bowler', 2, 'India'),
(6, 'Faf du Plessis', 'Batsman', 1, 'South Africa'),
(7, 'Sunil Narine', 'All-Rounder', 4, 'West Indies'),
(8, 'Glenn Maxwell', 'All-Rounder', 3, 'Australia'),
(9, 'Ruturaj Gaikwad', 'Batsman', 1, 'India'),
(10, 'Pat Cummins', 'Bowler', 4, 'Australia');

INSERT INTO matches (match_id, match_date, venue, team1_id, team2_id, winner_team_id) VALUES
(1, '2024-04-04', 'Mumbai Stadium', 2, 1, 2),
(2, '2024-04-07', 'Mumbai Stadium', 2, 1, 1),
(3, '2024-04-10', 'Mumbai Stadium', 2, 3, NULL),
(4, '2024-04-13', 'Bangalore Stadium', 3, 2, NULL),
(5, '2024-04-16', 'Kolkata Stadium', 4, 2, 4);

INSERT INTO player_performance (performance_id, match_id, player_id, runs_scored, wickets_taken, balls_faced, overs_bowled, fours, sixes) VALUES
(1, 1, 1, 82, 0, 40, 0.0, 6, 5),
(2, 1, 2, 7, 0, 11, 0.0, 1, 5),
(3, 1, 3, 1, 0, 48, 0.0, 3, 6),
(4, 1, 4, 25, 3, 27, 3.5, 5, 3),
(5, 1, 5, 39, 1, 0, 3.8, 4, 6),
(6, 1, 6, 53, 0, 12, 0.0, 1, 2),
(7, 1, 7, 51, 1, 26, 0.4, 9, 2),
(8, 1, 8, 80, 2, 32, 2.9, 6, 0),
(9, 1, 9, 27, 0, 28, 0.0, 5, 0),
(10, 1, 10, 93, 0, 0, 1.2, 6, 1),
(11, 2, 1, 1, 0, 1, 0.0, 8, 1),
(12, 2, 2, 37, 0, 21, 0.0, 2, 2),
(13, 2, 3, 7, 0, 16, 0.0, 8, 0),
(14, 2, 4, 69, 2, 3, 3.9, 10, 5),
(15, 2, 5, 40, 4, 0, 0.0, 2, 4),
(16, 2, 6, 35, 0, 19, 0.0, 0, 1),
(17, 2, 7, 80, 2, 16, 1.1, 4, 0),
(18, 2, 8, 60, 4, 2, 0.4, 10, 4),
(19, 2, 9, 41, 0, 58, 0.0, 8, 1),
(20, 2, 10, 98, 0, 0, 2.9, 6, 4),
(21, 3, 1, 38, 0, 41, 0.0, 9, 1),
(22, 3, 2, 12, 0, 4, 0.0, 0, 2),
(23, 3, 3, 46, 0, 37, 0.0, 7, 1),
(24, 3, 4, 93, 4, 50, 1.6, 1, 0),
(25, 3, 5, 22, 3, 0, 0.3, 5, 0),
(26, 3, 6, 95, 0, 54, 0.0, 6, 1),
(27, 3, 7, 98, 2, 60, 3.0, 1, 3),
(28, 3, 8, 27, 2, 2, 0.0, 7, 4),
(29, 3, 9, 4, 0, 33, 0.0, 0, 1),
(30, 3, 10, 49, 0, 0, 1.7, 5, 1),
(31, 4, 1, 79, 0, 22, 0.0, 0, 3),
(32, 4, 2, 81, 0, 52, 0.0, 2, 3),
(33, 4, 3, 42, 0, 1, 0.0, 5, 2),
(34, 4, 4, 56, 2, 45, 1.4, 4, 6),
(35, 4, 5, 72, 0, 0, 1.0, 7, 4),
(36, 4, 6, 61, 0, 23, 0.0, 5, 1),
(37, 4, 7, 35, 2, 42, 3.9, 8, 4),
(38, 4, 8, 96, 3, 10, 1.8, 10, 6),
(39, 4, 9, 69, 0, 45, 0.0, 4, 4),
(40, 4, 10, 0, 3, 0, 1.6, 9, 0),
(41, 5, 1, 1, 0, 16, 0.0, 6, 0),
(42, 5, 2, 96, 0, 19, 0.0, 5, 2),
(43, 5, 3, 20, 0, 47, 0.0, 5, 5),
(44, 5, 4, 82, 0, 45, 3.6, 8, 1),
(45, 5, 5, 69, 3, 0, 1.5, 5, 2),
(46, 5, 6, 24, 0, 21, 0.0, 9, 6),
(47, 5, 7, 92, 3, 8, 3.2, 10, 5),
(48, 5, 8, 5, 0, 36, 2.8, 3, 1),
(49, 5, 9, 19, 0, 3, 0.0, 9, 1),
(50, 5, 10, 18, 3, 0, 0.3, 0, 3);
